placement_style,implementation_shortfall_bps,vwap_slippage_bps,spread_cost_bps,impact_cost_bps,timing_cost_bps,opportunity_cost_bps,fill_rate,num_simulations
adaptive_limit,230.08573948432894,240.9815569209153,2.031805727204865,251.90393053368823,-11.371031036513246,0.139932943449483,0.9514697189053779,4
aggressive_limit,234.42218027641184,245.32261635143374,3.0949840919314315,255.06448216494874,-11.078126111609581,1.0961710897915104e-16,1.0,4
market,235.45384164038674,246.3553765130301,4.126645455908576,255.06448216494874,-11.078126111609581,1.0961710897915104e-16,1.0,4
marketable_limit,235.45384164038674,246.3553765130301,4.126645455908576,255.06448216494874,-11.078126111609581,1.0961710897915104e-16,1.0,4
midpoint_limit,189.05300693454208,199.90512139794015,0.0,207.99665004438626,-10.704267779181151,0.6480138406019033,0.7752616856160888,4
midpoint_peg,189.05300693454208,199.90512139794015,0.0,207.99665004438626,-10.704267779181151,0.6480138406019033,0.7752616856160888,4
passive_limit,140.8827957020207,151.68360523593554,0.0,160.10633076492272,-10.148444051587937,2.2425307462847965,0.22226571672293471,4
primary_peg,140.8827957020207,151.68360523593554,0.0,160.10633076492272,-10.148444051587937,2.2425307462847965,0.22226571672293471,4
