strategy,implementation_shortfall_bps,vwap_slippage_bps,spread_cost_bps,impact_cost_bps,timing_cost_bps,opportunity_cost_bps,fill_rate,num_simulations
Adaptive,185.28626775169707,196.1343703520949,1.3081668106158377,203.80206408448274,-10.661862524392582,0.650573735103349,0.7743738860982248,8
POV,242.1843839111455,253.09308732193202,2.602219871028449,266.3818085815017,-11.57461173966326,1.021332470654966,0.6457906860949871,8
TWAP,180.91884753155114,191.7622984980722,1.347297262865715,199.05488476489984,-10.860303170025404,0.6099353400603359,0.7884677276630148,8
VWAP,189.25410496292628,200.1064336109812,1.432356420966722,207.41291189269194,-10.058639082358837,0.6786695127927906,0.7646299619354858,8
